1,26.06.2020,dobavljac
2,26.06.2020,dobavljac
3,26.06.2020,dobavljac
4,26.06.2020,dobavljac
5,26.06.2020,dobavljac
6,26.06.2020,dobavljac
7,26.06.2020,dobavljac
8,26.06.2020,dobavljac
9,26.06.2020,dobavljac
10,26.06.2020,dobavljac
11,26.06.2020,dobavljac
12,26.06.2020,dobavljac
13,26.06.2020,dobavljac
14,26.06.2020,dobavljac
15,26.06.2020,dobavljac
16,26.06.2020,dobavljac
17,26.06.2020,dobavljac
18,26.06.2020,dobavljac
19,26.06.2020,dobavljac
20,26.06.2020,dobavljac
21,26.06.2020,dobavljac
22,26.06.2020,dobavljac
23,26.06.2020,dobavljac
24,26.06.2020,dobavljac
25,26.06.2020,dobavljac
26,26.06.2020,dobavljac
27,26.06.2020,dobavljac
28,26.06.2020,dobavljac
29,26.06.2020,dobavljac
30,26.06.2020,dobavljac
31,26.06.2020,dobavljac
32,26.06.2020,dobavljac
33,26.06.2020,dobavljac
34,26.06.2020,dobavljac
35,26.06.2020,dobavljac
36,26.06.2020,dobavljac
37,26.06.2020,dobavljac
38,26.06.2020,dobavljac
39,26.06.2020,dobavljac
40,26.06.2020,dobavljac
41,26.06.2020,dobavljac
42,26.06.2020,dobavljac
43,26.06.2020,dobavljac
44,26.06.2020,dobavljac
45,26.06.2020,dobavljac
46,26.06.2020,dobavljac
47,26.06.2020,dobavljac
48,26.06.2020,dobavljac
49,26.06.2020,dobavljac
